/**   
	INSERT INTO TABLE [publishers] 
**/
INSERT INTO [publishers] VALUES (N'Dân Trí'),
	(N'Văn Học'),
	(N'Thế Giới'),
	(N'NXB Thanh Niên'),
	(N'NXB Phụ Nữ Việt Nam'),
	(N'Thanh Niên'),
	(N'Trẻ'),
	(N'Trẻ'),
	(N'Thế Giới'),
	(N'Văn Học'),
	(N'Văn Học'),
	(N'Hà Nội'),
	(N'Kim Đồng'),
	(N'Kim Đồng'),
	(N'Văn Hóa - Văn nghệ'),
	(N'Hội Nhà Văn'),
	(N'Văn Học'),
	(N'Trẻ'),
	(N'Kim Đồng'),
	(N'Văn Học'),
	(N'Trẻ'),
	(N'NXB Trẻ'),
	(N'NXB Thế Giới'),
	(N'Thế Giới'),
	(N'Tổng Hợp TPHCM'),
	(N'NXB Thanh Niên'),
	(N'NXB Thanh Niên'),
	(N'NXB Tổng Hợp TPHCM'),
	(N'NXB Dân Trí'),
	(N'NXB Thế Giới'),
	(N'NXB Dân Trí'),
	(N'Dân Trí'),
	(N'Trẻ'),
	(N'Trẻ'),
	(N'Thế Giới'),
	(N'Thế Giới'),
	(N'NXB Thanh Niên'),
	(N'Dân Trí'),
	(N'Hồng Đức'),
	(N'NXB Tổng Hợp TPHCM'),
	(N'Kim Đồng'),
	(N'NXB Kim Đồng'),
	(N'Kim Đồng'),
	(N'NXB Lao Động'),
	(N'NXB Lao Động'),
	(N'NXB Phụ Nữ Việt Nam'),
	(N'NXB Lao Động'),
	(N'Kim Đồng'),
	(N'NXB Lao Động'),
	(N'NXB Lao Động'),
	(N'NXB Kim Đồng'),
	(N'NXB Lao Động'),
	(N'NXB Phụ Nữ Việt Nam'),
	(N'Tổng Hợp TPHCM'),
	(N'Đà Nẵng'),
	(N'Hồng Đức'),
	(N'Hồng Đức'),
	(N'Cambridge'),
	(N'NXB Tổng hợp TP.HCM'),
	(N'Đại Học Quốc Gia Hà Nội'),
	(N'NXB Tổng hợp TP.HCM'),
	(N'NXB Tổng hợp TP.HCM'),
	(N'Đại Học Quốc Gia Hà Nội'),
	(N'NXB Tổng hợp TP.HCM'),
	(N'Trẻ'),
	(N'NXB Tổng hợp TP.HCM'),
	(N'Tổng Hợp TPHCM'),
	(N'Đại học Quốc Gia Hà Nội'),
	(N'Thế Giới'),
	(N'Thế Giới'),
	(N'Hà Nội'),
	(N'Đà Nẵng'),
	(N'Hà Nội'),
	(N'Hồng Đức'),
	(N'Tri Thức'),
	(N'NXB Lao Động'),
	(N'NXB Tổng Hợp TPHCM'),
	(N'Tổng Hợp Thành Phố Hồ Chí Minh'),
	(N'NXB Tổng Hợp TPHCM'),
	(N'Dân Trí'),
	(N'Dân Trí'),
	(N'Hội Nhà Văn'),
	(N'Dân Trí'),
	(N'Tổng Hợp Thành Phố Hồ Chí Minh'),
	(N'NXB Văn hóa Văn nghệ'),
	(N'NXB Dân Trí'),
	(N'NXB Thế Giới'),
	(N'Văn Học'),
	(N'Công Thương'),
	(N'Phụ Nữ Việt Nam'),
	(N'Dân Trí'),
	(N'Trẻ'),
	(N'Thế Giới'),
	(N'Trẻ'),
	(N'Lao Động'),
	(N'NXB Thế Giới'),
	(N'Thế Giới'),
	(N'NXB Thế Giới'),
	(N'NXB Hồng Đức'),
	(N'Công Thương'),
	(N'Công Thương'),
	(N'Thanh Niên'),
	(N'Dân Trí'),
	(N'Thông Tin và Truyền Thông'),
	(N'Tổng Hợp Thành Phố Hồ Chí Minh'),
	(N'Tổng Hợp TPHCM'),
	(N'Thế Giới'),
	(N'Đà Nẵng'),
	(N'Thể Thao và Du Lịch'),
	(N'Thế Giới'),
	(N'Tổng Hợp Thành Phố Hồ Chí Minh'),
	(N'NXB Thế Giới'),
	(N'NXB Dân Trí'),
	(N'Dân Trí'),
	(N'Dân Trí'),
	(N'Thế Giới'),
	(N'Thanh Niên'),
	(N'Hồng Đức'),
	(N'Kim Đồng'),
	(N'Kim Đồng'),
	(N'Kim Đồng'),
	(N'Kim Đồng'),
	(N'Kim Đồng'),
	(N'Kim Đồng'),
	(N'Hà Nội'),
	(N'Hà Nội'),
	(N'Hà Nội'),
	(N'Hà Nội'),
	(N'Hà Nội'),
	(N'Hà Nội'),
	(N'Kim Đồng'),
	(N'Kim Đồng'),
	(N'Kim Đồng'),
	(N'Kim Đồng'),
	(N'Kim Đồng'),
	(N'Kim Đồng'),
	(N'Kim Đồng'),
	(N'Kim Đồng');


/**   
	INSERT INTO TABLE [books]
**/


INSERT INTO [books] VALUES (N'Trốn Lên Mái Nhà Để Khóc - Tặng Kèm Bookmark',N'15-18',50540,60,72200,1,NULL,N'Dân Trí',N'2023',N'Tiếng Việt',N'Bìa Mềm',0.24),
	(N'Nhật Ký Hạnh Phúc Của Công Chúa Fubao (Tái Bản) - Tặng Kèm Bookmark',N'3+',94500,60,135000,2,NULL,N'Kang Cherwon, Ryu Jeonghun',N'2023',N'Tiếng Việt',N'Bìa Mềm',0.10),
	(N'Đám Trẻ Ở Đại Dương Đen',N'3+',50589,60,72270,3,NULL,N'Thế Giới',N'2023',N'Tiếng Việt',N'Bìa Mềm',0.27),
	(N'Tết Ở Làng Địa Ngục',N'3+',88725,60,126750,4,NULL,N'NXB Thanh Niên',N'2022',N'Tiếng Việt',N'Bìa Mềm',0.25),
	(N'Thương',N'3+',39900,60,57000,5,NULL,N'NXB Phụ Nữ Việt Nam',N'2021',N'Tiếng Việt',N'Bìa Mềm',0.24),
	(N'Ghi Chép Pháp Y - Tập 2 - Khi Tử Thi Biết Nói',N'3+',63874.99999999999,60,91250,6,NULL,N'Linh Tử',N'2023',N'Tiếng Việt',N'Bìa Mềm',0.27),
	(N'Mùa Hè Không Tên - Tặng Kèm Bookmark 2 Mặt + Poster Tranh + Chữ Ký Tác Giả Ngẫu Nhiên',N'3+',70980,60,101400,7,NULL,N'Trẻ',N'2023',N'Tiếng Việt',N'Bìa Mềm',0.22),
	(N'Mùa Hè Không Tên - Bìa Cứng - Tặng Kèm Bookmark 2 Mặt + Poster Tranh + Lót Ly Ngẫu Nhiên + Chữ Ký Tác Giả Ngẫu Nhiên',N'3+',125579.99999999999,60,179400,8,NULL,N'Trẻ',N'2023',N'Tiếng Việt',N'Bìa Mềm',0.22),
	(N'Lén Nhặt Chuyện Đời',N'3+',41650,60,59500,9,NULL,N'Thế Giới',N'2022',N'Tiếng Việt',N'Bìa Mềm',0.30),
	(N'Cuối Con Đường Sẽ Gặp Một Người Thương - Tặng Kèm Bookmark',N'3+',55188,60,78840,10,NULL,N'Văn Học',N'2023',N'Tiếng Việt',N'Bìa Mềm',0.27),
	(N'Cuối Con Đường Sẽ Gặp Một Người Thương - Bản Đặc Biệt - Bìa Cứng - Tặng Kèm Bookmark + Chữ Ký Tác Giả + Túi Tote',N'3+',86940,60,124200,11,NULL,N'Văn Học',N'2023',N'Tiếng Việt',N'Bìa Cứng',0.10),
	(N'Chanh Mật Ong - Tặng Kèm Bookmark Bồi Cứng',N'3+',116549.99999999999,60,166500,12,NULL,N'Hà Nội',N'2023',N'Tiếng Việt',N'Bìa Mềm',0.10),
	(N'Boxset Tiểu Thuyết Naruto Bí Truyền (Bộ 6 Tập)',N'3+',203280,60,290400,13,NULL,N'Masashi Kishimoto, Ukyo Kodachi',N'2023',N'Tiếng Việt',N'Bộ Hộp',0.12),
	(N'Thiên Sứ Nhà Bên - Tập 7 - Bản Giới Hạn - Tặng Kèm Bookmark + Bìa Áo Đặc Biệt + Standee Pop-Up',N'3+',59849.99999999999,60,85500,14,NULL,N'Saekisan, Hanekoto',N'2023',N'Tiếng Việt',N'Bìa Mềm',0.10),
	(N'[FAHASA DAY] Vầng Trăng Máu',N'3+',42000,60,60000,15,NULL,N'Phạm Quốc Anh',N'2018',N'Tiếng Việt',N'Bìa Mềm',0.50),
	(N'Suối Cọp',N'3+',154980,60,221400,16,NULL,N'Hội Nhà Văn',N'2023',N'Tiếng Việt',N'Bìa Mềm',0.10),
	(N'Cổ Học Tinh Hoa (Tái Bản 2023)',N'3+',72450,60,103500,17,NULL,N'Văn Học',N'2023',N'Tiếng Việt',N'Bìa Mềm',0.10),
	(N'1111 - Nhật Ký Sáu Vạn Dặm Trên Yên Xe Cà Tàng',N'17+',182000,60,260000,18,NULL,N'Trẻ',N'2022',N'Tiếng Việt',N'Bìa Mềm',0.20),
	(N'Đất Rừng Phương Nam - Phiên Bản Điện Ảnh',N'17+',113400,60,162000,19,NULL,N'Kim Đồng',N'2023',N'Tiếng Việt',N'Bìa Mềm',0.10),
	(N'Cuối Con Đường Sẽ Gặp Một Người Thương - Bản Đặc Biệt - Bìa Cứng',N'17+',86940,60,124200,20,NULL,N'Văn Học',N'2023',N'Tiếng Việt',N'Bìa Cứng',0.10),
	(N'Boxset Nhóc Miko! Cô Bé Nhí Nhảnh (Bộ 36 Tập)',N'17+',567000,60,810000,21,NULL,N'Hải Thọ',N'2023',N'Tiếng Việt',N'Bộ Hộp',0.10),
	(N'48 Nguyên Tắc Chủ Chốt Của Quyền Lực (Tái Bản 2020)',N'15+',96000,60,160000,22,NULL,N'NXB Trẻ',N'2020',N'Tiếng Việt',N'Bìa Mềm',0.20),
	(N'Thiên Tài Bên Trái, Kẻ Điên Bên Phải (Tái Bản 2021)',N'15+',78402,60,130670,23,NULL,N'Thu Hương',N'2021',N'Tiếng Việt',N'Bìa Mềm',0.27),
	(N'Hành Tinh Của Một Kẻ Nghĩ Nhiều',N'15+',37668,60,62780,24,NULL,N'Thế Giới',N'2023',N'Tiếng Việt',N'Bìa Mềm',0.27),
	(N'7 Thói Quen Hiệu Quả - The 7 Habits Of Highly Effective People (Bìa Cứng) (2022)',N'15+',109500,60,182500,25,NULL,N'Nhiều Người Dịch',N'2022',N'Tiếng Việt',N'Bìa Mềm',0.27),
	(N'Điềm Tĩnh Và Nóng Giận',N'15+',42048,60,70080,26,NULL,N'Giang Lê',N'2021',N'Tiếng Việt',N'Bìa Mềm',0.27),
	(N'Tâm Lý Học Tội Phạm - Phác Họa Chân Dung Kẻ Phạm Tội',N'15+',63510,60,105850,27,NULL,N'Đỗ Ái Nhi',N'2021',N'Tiếng Việt',N'Bìa Mềm',0.27),
	(N'Sức Mạnh Tiềm Thức (Tái Bản 2021)',N'15+',56064,60,93440,28,NULL,N'Bùi Thanh Châu, Mai Sơn',N'2021',N'Tiếng Việt',N'Bìa Mềm',0.27),
	(N'Flow - Dòng Chảy',N'15+',95760,60,159600,29,NULL,N'NXB Dân Trí',N'2021',N'Tiếng Việt',N'Bìa Mềm',0.30),
	(N'Tư Duy Nhanh Và Chậm (Tái Bản 2021)',N'15+',117822,60,196370,30,NULL,N'Hương Lan-Xuân Thanh',N'2021',N'Tiếng Việt',N'Bìa Mềm',0.27),
	(N'Thao Túng Tâm Lý - Nhận Diện, Thức Tỉnh Và Chữa Lành Những Tổn Thương Tiềm Ẩn',N'15+',74022,60,123370,31,NULL,N'Trương Tuấn',N'2022',N'Tiếng Việt',N'Bìa Mềm',0.27),
	(N'Tổn Thương Thời Thơ Ấu - 27 Câu Chuyện Chữa Lành Nỗi Đau Gia Đình',N'15+',72900,60,121500,32,NULL,N'Leo',N'2023',N'Tiếng Việt',N'Bìa Mềm',0.10),
	(N'Trên Đường Băng (Tái Bản 2022)',N'15+',54810,60,91350,33,NULL,N'Trẻ',N'2022',N'Tiếng Việt',N'Bìa Mềm',0.13),
	(N'Cà Phê Cùng Tony (Tái Bản 2022)',N'15+',56700,60,94500,34,NULL,N'Trẻ',N'2022',N'Tiếng Việt',N'Bìa Mềm',0.10),
	(N'Chủ Nghĩa Khắc Kỷ - Nuôi Dưỡng Sự Tích Cực, Sống Cuộc Đời Đẹp Nhất',N'15+',58860,60,98100,35,NULL,N'Thanh Thủy',N'2023',N'Tiếng Việt',N'Bìa Mềm',0.10),
	(N'Hành Tinh Của Một Kẻ Nghĩ Nhiều',N'5+',37668,60,62780,36,NULL,N'Thế Giới',N'2023',N'Tiếng Việt',N'Bìa Mềm',0.27),
	(N'Điềm Tĩnh Và Nóng Giận',N'5+',42048,60,70080,37,NULL,N'Giang Lê',N'2021',N'Tiếng Việt',N'Bìa Mềm',0.27),
	(N'Dám Nghĩ Lại',N'5+',70560,60,117600,38,NULL,N'Nguyễn Đức Nhật',N'2022',N'Tiếng Việt',N'Bìa Mềm',0.30),
	(N'38 Lá Thư Rockefeller Gửi Cho Con Trai',N'5+',79632,60,113760,39,NULL,N'Hồng Đức',N'2023',N'Tiếng Việt',N'Bìa Mềm',0.28),
	(N'Đắc Nhân Tâm (Tái Bản 2021)',N'5+',43946,60,62780,40,NULL,N'Nguyễn Văn Phước',N'2021',N'Tiếng Việt',N'Bìa Mềm',0.27),
	(N'Kinh Nghiệm Từ Nước Nhật - 49 Bí Quyết Giúp Trẻ Lắng Nghe Và Truyền Đạt',N'18+',43400,50,62000,41,N'Kinh Nghiệm Từ Nước Nhật',NULL,N'2019',N'Tiếng Việt',N'Paperback',NULL),
	(N'Kinh Nghiệm Từ Nước Nhật - 43 Kĩ Năng Kiểm Soát Tức Giận (Dành Cho Trẻ Em)',N'18+',39060,50,55800,42,N'Kinh Nghiệm Từ Nước Nhật',NULL,N'2019',N'Tiếng Việt',N'Paperback',0.10),
	(N'Kinh Nghiệm Từ Nước Nhật - Kĩ Năng Xã Hội Của Trẻ Em - 42 Bí Quyết Giúp Trẻ Tự Tin Và Dũng Cảm Trong Quan Hệ Bạn Bè',N'18+',39060,50,55800,43,N'Kinh Nghiệm Từ Nước Nhật',NULL,N'2020',N'Tiếng Việt',N'Paperback',0.10),
	(N'Nuôi Con Không Phải Là Cuộc Chiến 2 - E.A.S.Y - Nếp Sinh Hoạt Cho Bé Yêu (Tái Bản 2021)',N'18+',81270,50,116100,44,N'Nuôi Con Không Phải Là Cuộc Chiến',NULL,N'2021',N'Tiếng Việt',N'Paperback',0.10),
	(N'Nuôi Con Không Phải Là Cuộc Chiến 1 - Chào Con - Em Bé Sơ Sinh (Tái Bản 2021)',N'18+',74970,50,107100,45,N'Nuôi Con Không Phải Là Cuộc Chiến',NULL,N'2021',N'Tiếng Việt',N'Paperback',0.10),
	(N'Thai Giáo Theo Chuyên Gia - 280 Ngày - Mỗi Ngày Đọc Một Trang (Tái Bản 2021)',N'18+',52325,50,74750,46,NULL,NULL,N'2021',N'Tiếng Việt',N'Paperback',0.35),
	(N'Nuôi Dạy Bé Trai Từ 0 - 6 Tuổi (Tái Bản 2021)',N'18+',43470,50,62100,47,NULL,NULL,N'2021',N'Tiếng Việt',N'Paperback',0.10),
	(N'Tủ Sách Làm Cha Mẹ - Giáo Dục Nhi Đồng (Tái Bản 2023)',N'18+',40950,50,58500,48,NULL,NULL,N'2023',N'Tiếng Việt',N'Paperback',0.10),
	(N'Lần Đầu Làm Mẹ',N'18+',163800,50,234000,49,NULL,NULL,N'2021',N'Tiếng Việt',N'Paperback',0.10),
	(N'Nuôi Con Không Phải Là Cuộc Chiến 2 - Bé Thơ Tự Ngủ, Cha Mẹ Thư Thái - Quyển 3 (Tái Bản 2021)',N'18+',78561,50,112230,50,N'Nuôi Con Không Phải Là Cuộc Chiến',NULL,N'2021',N'Tiếng Việt',N'Paperback',0.13),
	(N'90% Trẻ Thông Minh Nhờ Cách Trò Chuyện Đúng Đắn Của Cha Mẹ (Tái Bản 2019)',N'18+',24570,50,35100,51,NULL,N'Phạm Lê Dạ Hương',N'2019',NULL,N'Paperback',0.10),
	(N'Cách Khen Cách Mắng Cách Phạt Con (Tái Bản 2021)',N'18+',43470,50,62100,52,NULL,N'Song Liên, Linh Như',N'2021',NULL,N'Paperback',0.10),
	(N'Phương Pháp Giáo Dục Con Của Người Do Thái - Giúp Trẻ Tự Tin Bước Vào Cuộc Sống',N'18+',35700,50,51000,53,NULL,N'Thanh Nhã',N'2022',NULL,N'Paperback',0.40),
	(N'Chào Tuổi Dậy Thì! - Kiến Thức Về Dậy Thì Dành Cho Cá Bạn Nữ 8-12 Tuổi (Tái Bản 2023)',N'18+',53550,50,76500,54,NULL,NULL,N'2023',NULL,N'Paperback',0.10),
	(N'Giải Thích Ngữ Pháp Tiếng Anh (Tái Bản 2022)',N'5+',112420,40,160600,55,NULL,N'Đà Nẵng',N'2021',N'Tiếng Việt',N'Bìa Mềm',0.27),
	(N'Tiếng Anh Cho NgườI Bắt Đầu (Tái Bản 2023)',N'5+',104300,40,149000,56,NULL,N'Hồng Đức',N'2023',N'Tiếng Việt',N'Bìa Mềm',0.25),
	(N'Destination C1 And C2 - Grammar And Vocabulary with Answer Key',N'5+',95256,40,136080,57,NULL,N'Nguyễn Thanh Vân',N'2023',N'Tiếng Anh',N'Bìa Mềm',0.28),
	(N'Cambridge IELTS 18 Academic - With Answer + Audio',N'5+',144900,40,207000,58,NULL,N'Nhiều Tác Giả',N'2023',N'Tiếng Anh',N'Bìa Mềm',0.10),
	(N'Tự Học Tiếng Đức Cho Người Mới Bắt Đầu',N'5+',70035,40,100050,59,NULL,N'NXB Hồng Đức',N'2022',N'Tiếng Việt',N'Bìa Mềm',0.13),
	(N'Giáo Trình Hán Ngữ 1 - Tập 1 - Quyển Thượng Phiên Bản Mới (Tái Bản 2022) (Tải App)',N'5+',58464,40,83520,60,NULL,N'Đại Học Quốc Gia Hà Nội',N'2022',N'Tiếng Việt',N'Bìa Mềm',0.28),
	(N'Collins English For Work - Hotel & Hospitality English (Kèm 2 CD)',N'5+',105336,40,150480,61,NULL,N'NXB Tổng hợp TP.HCM',N'2012-07-01 00:00:00',N'Tiếng Anh',N'Bìa Mềm',0.24),
	(N'Giáo Trình Chuẩn HSK 6 - Tập 1',N'5+',158536,40,226480,62,NULL,N'NXB Tổng Hợp TPHCM',N'2022',N'Tiếng Việt',N'Bìa Mềm',0.24),
	(N'Collins - Writing For Ielts (Tái Bản 2023)',N'5+',76608,40,109440,63,NULL,N'Đại Học Quốc Gia Hà Nội',N'2023',N'Tiếng Anh',N'Bìa Mềm',0.24),
	(N'Cambridge English Qualifications - B1 Preliminary For Schools - 8 Practice Tests',N'5+',174496,40,249280,64,NULL,N'NXB Tổng Hợp TPHCM',N'2022',N'Tiếng Anh',N'Bìa Mềm',0.24),
	(N'Tiếng Nhật Chuyên Ngành Điều Dưỡng Dành Cho Người Mới Bắt Đầu - Kiến Thức Đời Sống Và Giao Tiếp',N'3+',78750,40,112500,65,NULL,N'Hồng Phúc',N'2023',N'Tiếng Việt',N'Bìa Mềm',0.10),
	(N'Cambridge English Qualifications - B1 Preliminary For Schools - 8 Practice Tests',N'3+',174496,40,249280,66,NULL,N'NXB Tổng Hợp TPHCM',N'2022',N'Tiếng Anh',N'Bìa Mềm',0.24),
	(N'Big Step Toeic 2 (LC+RC)',N'3+',158536,40,226480,67,NULL,N'Lê Huy Lâm',N'2022',N'Tiếng Anh',N'Bìa Mềm',0.24),
	(N'Tiếng Hàn Tổng Hợp Dành Cho Người Việt Nam - Sơ Cấp 1 - Sách Bài Tập (Tái Bản 2023)',N'3+',44856,40,64080,68,NULL,N'Đại học Quốc Gia Hà Nội',N'2023',N'Tiếng Việt',N'Bìa Mềm',0.28),
	(N'Hackers Ielts - Speaking (Tái Bản 2022)',N'3+',144270,40,206100,69,NULL,N'Nhóm dịch DHL',N'2022',N'Tiếng Anh',N'Bìa Mềm',0.10),
	(N'Hackers Ielts Writing (Tái Bản)',N'3+',169470,40,242100,70,NULL,N'Ngô Thu Hằng',N'2022',N'Tiếng Anh',N'Bìa Mềm',0.10),
	(N'Luyện Viết Chữ Đẹp Từ Vựng Tiếng Anh Family And Friends - National Edition 1',N'3+',22050,40,31500,71,NULL,N'Hà Nội',N'2023',N'Tiếng Việt',N'Bìa Mềm',0.10),
	(N'English For Your Relationships - Giao Tiếp Tiếng Anh Như Người Bản Xứ',N'3+',87570,40,125100,72,NULL,N'Đà Nẵng',N'2022',N'Tiếng Việt',N'Bìa Mềm',0.10),
	(N'Luyện Viết Chữ Đẹp Từ Vựng Tiếng Anh Family And Friends - National Edition 2',N'3+',22050,40,31500,73,NULL,N'Hà Nội',N'2023',N'Tiếng Việt',N'Bìa Mềm',0.10),
	(N'3000 Từ Vựng Tiếng Hàn Theo Chủ Đề (Tái Bản 2022)',N'3+',59220,40,84600,74,NULL,N'Hồng Đức',N'2022',N'Tiếng Hàn',N'Bìa Mềm',0.10),
	(N'Trái Đất Chuyển Mình - Một Lịch Sử Chưa Kể Về Nhân Loại - Bìa Cứng',N'3+',40000,50,50000,75,NULL,N'Nguyễn Linh Chi, Đặng Thị Thái Hà, Hoàng Thảo, Phạm Danh Việt',N'2023',N'Tiếng Việt',N'Bìa Cứng',0.17),
	(N'Liễu Phàm Tứ Huấn - Tích Tập Phúc Đức, Cải Tạo Vận Mênh (Tái Bản 2022)',N'3+',40000,50,50000,76,NULL,N'Trần Tuấn Mẫn',N'2022',N'Tiếng Việt',N'Bìa Mềm',0.24),
	(N'Muôn Kiếp Nhân Sinh - Many Times, Many Lives - Tập 2 (Khổ Nhỏ)',N'3+',40000,50,50000,77,NULL,N'NXB Tổng Hợp TPHCM',N'2021',N'Tiếng Việt',N'Bìa Mềm',0.27),
	(N'Muôn Kiếp Nhân Sinh - Many Times, Many Lives - Tập 3',N'3+',40000,50,50000,78,NULL,N'Tổng Hợp Thành Phố Hồ Chí Minh',N'2023',N'Tiếng Việt',N'Bìa Mềm',0.27),
	(N'Muôn Kiếp Nhân Sinh - Many Times, Many Lives - Tập 2',N'3+',40000,50,50000,79,NULL,N'NXB Tổng Hợp TPHCM',N'2021',N'Tiếng Việt',N'Bìa Mềm',0.27),
	(N'World Religions - Tôn Giáo Thế Giới - Khám Phá Và Lý Giải Các Tôn Giáo Trên Thế Giới - Bìa Cứng',N'3+',40000,50,50000,80,NULL,N'Dương Nguyên Phương Uyên',N'2023',N'Tiếng Việt',N'Bìa Cứng',0.25),
	(N'[FAHASA DAY] Thiền Sư Và Em Bé 5 Tuổi',N'3+',40000,50,50000,81,NULL,N'Dân Trí',N'2020',N'Tiếng Việt',N'Bìa Mềm',0.50),
	(N'[FAHASA DAY] Làm Mới Vườn Tâm',N'3+',40000,50,50000,82,NULL,N'Suối Thông',N'2023',N'Tiếng Việt',N'Bìa Mềm',0.50),
	(N'Thả Trôi Phiền Muộn (Tái Bản 2023)',N'3+',40000,50,50000,83,NULL,N'Suối Thông',N'2023',N'Tiếng Việt',N'Bìa Mềm',0.10),
	(N'Ông Tướng Tình Báo Bí Ẩn Và Những Điệp Vụ Siêu Hạng',N'3+',40000,50,50000,84,NULL,N'Tổng Hợp Thành Phố Hồ Chí Minh',N'2023',N'Tiếng Việt',N'Bìa Mềm',0.30),
	(N'Từng Bước Nở Hoa Sen (Tái Bản 2019)',N'5+',40000,50,50000,85,NULL,N'NXB Văn hóa Văn nghệ',N'2019',N'Tiếng Việt',N'Bìa Mềm',0.10),
	(N'Thiền Sư Và Em Bé 5 Tuổi',N'5+',40000,50,50000,86,NULL,N'NXB Dân Trí',N'2020',N'Tiếng Việt',N'Bìa Mềm',0.10),
	(N'Vì Sao Phật Giáo Giàu Chân Lý - Why Buddhism Is True',N'5+',40000,50,50000,87,NULL,N'Du Lê',N'2022',N'Tiếng Việt',N'Bìa Mềm',0.13),
	(N'Đại Việt Sử Ký Toàn Thư',N'5+',1800000,50,2250000,88,NULL,N'Ngô Đức Thọ, Hoàng Văn Lâu',N'2022',N'Tiếng Việt',N'Bìa Cứng',0.10),
	(N'MBA Bằng Hình - The Usual MBA',N'15+',103194,90,147420,89,NULL,N'Bùi Thu Hà',N'2023',N'Tiếng Việt',N'Bìa Mềm',0.22),
	(N'Tài Chính Cá Nhân Dành Cho Người Việt Nam (Tái Bản 2023)',N'15+',98000,90,140000,90,NULL,N'Phụ Nữ Việt Nam',N'2023',N'Tiếng Việt',N'Bìa Mềm',0.30),
	(N'Làm Chủ Business Analytics - Phân Tích Dữ Liệu Để Đi Đến Quyết Định Thông Minh',N'15+',137459,90,196370,91,NULL,N'Dân Trí',N'2023',N'Tiếng Việt',N'Bìa Mềm',0.27),
	(N'Box Set Dạy Con Làm Giàu - Trọn Bộ 13 Cuốn (Tái Bản 2022)',N'15+',8288000,90,11840000,92,NULL,N'Trẻ',N'2022',N'Tiếng Việt',N'Bộ Hộp',0.20),
	(N'[FAHASA DAY] Nhà Lãnh Đạo Tương Lai (Tái Bản 2023)',N'15+',70000,90,100000,93,NULL,N'Vương Bảo Long',N'2023',N'Tiếng Việt',N'Bìa Mềm',0.50),
	(N'Nhà Lãnh Đạo Không Chức Danh (Tái Bản 2022)',N'15+',63945,90,91350,94,NULL,N'Nguyễn Minh Thiên Kim',N'2022',N'Tiếng Việt',N'Bìa Mềm',0.13),
	(N'Combo Sách Chiến Tranh Tiền Tệ (Bộ 5 Phần)',N'15+',404950,90,578500,95,NULL,N'Lao Động',N'2022',NULL,N'Bìa Mềm',0.35),
	(N'Trải Nghiệm Khách Hàng Xuất Sắc',N'15+',127750,90,182500,96,NULL,N'NXB Thế Giới',N'2020',NULL,N'Bìa Mềm',0.27),
	(N'Kỹ Năng Bán Hàng Tuyệt Đỉnh (Tái Bản 2022)',N'15+',73080,90,104400,97,NULL,N'Thế Giới',N'2022',N'Tiếng Việt',N'Bìa Mềm',0.13),
	(N'7 Câu Hỏi "Thần Kỳ" Của Mọi Sếp Giỏi',N'17+',94500,90,135000,98,NULL,N'NXB Thế Giới',N'2020',NULL,N'Bìa Mềm',0.10),
	(N'100+ Chỉ Số Xây Dựng Kpi Cho Doanh Nghiệp',N'17+',97440,90,139200,99,NULL,N'Anh Nguyễn',N'2022',NULL,N'Bìa Mềm',0.13),
	(N'Thiết Kế Giải Pháp Giá Trị - Value Proposition Design',N'17+',213570,90,305100,100,NULL,N'Alphabooks',N'2022',N'Tiếng Việt',N'Bìa Mềm',0.10),
	(N'Tạo Lập Mô Hình Kinh Doanh - Cá Nhân (Tái Bản 2022)',N'17+',182091,90,260130,101,NULL,N'Bùi Thị Thu Trang',N'2022',N'Tiếng Việt',N'Bìa Mềm',0.13),
	(N'KOLs Marketing',N'17+',112770,90,161100,102,NULL,N'Bùi Thị Thu',N'2023',NULL,N'Bìa Mềm',0.10),
	(N'Smarketing - Giải Pháp Cạnh Tranh Trong Thế Giới Số',N'17+',11718,90,16740,103,NULL,N'Phí Mai',N'2023',N'Tiếng Việt',N'Bìa Mềm',0.10),
	(N'Bí Mật Dinh Dưỡng Cho Sức Khỏe Toàn Diện (2022)',N'3+',153300,40,219000,104,NULL,N'Thông Tin và Truyền Thông',NULL,N'Tiếng Việt',N'Bìa Mềm',0.27),
	(N'Tăng Cường Tin Học Quốc Tế - IC3-GS6 Level 1 (Tái Bản 2023)',N'3+',43575,40,62250,105,NULL,N'Tổng Hợp Thành Phố Hồ Chí Minh',NULL,N'Tiếng Việt',N'Bìa Mềm',0.17),
	(N'Minh Triết Trong Ăn Uống Của Phương Đông (Tái Bản 2023)',N'3+',85848,40,122640,106,NULL,N'Tổng Hợp TPHCM',NULL,N'Tiếng Việt',N'Bìa Mềm',0.27),
	(N'Boxset Ekoland Tarot (Bộ Bài + Sách Hướng Dẫn)',N'3+',176400,40,252000,107,NULL,N'Thế Giới',NULL,N'Tiếng Việt',N'Bộ Hộp',0.10),
	(N'Phân Tích Khu Đất - Lập Sơ Đồ Thông Tin Cho Công Việc Thiết Kế Kiến Trúc',N'3+',147000,40,210000,108,NULL,N'Võ Ngọc Lĩnh, Trần Ngọc Thạch',NULL,N'Tiếng Việt',N'Bìa Mềm',NULL),
	(N'Giải Phẫu Học Về Giãn Cơ - Giãn Cơ Để Tối Ưu Sức Mạnh Cơ Bắp (Tái Bản 2023)',N'3+',163254,40,233220,109,NULL,N'Đỗ Ngọc Bảo Trân',NULL,N'Tiếng Việt',N'Bìa Mềm',0.22),
	(N'Ruột Ơi Là Ruột - Bí Mật Của Thế Giới Bị Lãng Quên',N'3+',74970,40,107100,110,NULL,N'Nguyễn Ngọc Tú',NULL,N'Tiếng Việt',N'Bìa Mềm',0.10),
	(N'Combo Muôn Kiếp Nhân Sinh - Many Times, Many Lives - Tập 1 + Tập 2 + Tập 3 (Bộ 3 Tập)',N'3+',317484.3,40,453549,111,NULL,N'Tổng Hợp Thành Phố Hồ Chí Minh',NULL,N'Tiếng Việt',N'Bìa Mềm',0.30),
	(N'Tarot Toàn Thư - Đọc Vận Mệnh Qua Những Lá Bài',N'5+',239400,40,342000,112,NULL,N'NXB Thế Giới',NULL,N'Tiếng Việt',N'Bìa Mềm',0.10),
	(N'Bộ Sách Ung Thư - Tin Đồn Và Sự Thật (Bộ 2 Cuốn)',N'5+',201600,40,288000,113,NULL,N'NXB Dân Trí',NULL,N'Tiếng Việt',N'Bìa Mềm',0.10),
	(N'Bệnh Viện Tinh Gọn',N'5+',314370,40,449100,114,NULL,N'ThS, BS Giang Thảo, ThS YTCC Minh Nguyễn',NULL,N'Tiếng Việt',N'Bìa Mềm',0.10),
	(N'Luật Của Một - Vũ Trụ Trong Mỗi Chúng Ta',N'5+',97650,40,139500,115,NULL,N'Thanh Huyền',NULL,N'Tiếng Việt',N'Bìa Mềm',0.10),
	(N'Healing And Recovery - Chữa Lành Và Phục Hồi',N'5+',144270,40,206100,116,NULL,N'Phạm Nguyên Trường',NULL,N'Tiếng Việt',N'Bìa Mềm',0.10),
	(N'Cuộc Cách Mạng Glucose',N'5+',99540,40,142200,117,NULL,N'Ngạnh',NULL,N'Tiếng Việt',N'Bìa Mềm',0.10),
	(N'Một Lược Sử Về Vạn Vật',N'5+',248850,40,355500,118,NULL,N'Dương Ngọc Dũng',NULL,N'Tiếng Việt',N'Bìa Mềm',0.10),
	(N'[Anime Comics] One Piece Stampede - Tập 2',N'5+',51205,70,73150,119,N'Anime Comics: One Piece Film Strong World',N'Itsuwa Rei',N'2023',N'Tiếng Việt',N'Paperback',0.5),
	(N'Anime Comics - One Piece Film Gold - Tập 2',N'5+',51205,70,73150,120,N'Anime Comics: One Piece Film Strong World',N'Itsuwa Rei',N'2023',N'Tiếng Việt',N'Paperback',0.5),
	(N'Anime Comics: One Piece Film Z - Tập 2',N'5+',51205,70,73150,121,N'Anime Comics: One Piece Film Strong World',N'Takara',N'2022',N'Tiếng Việt',N'Paperback',0.5),
	(N'Anime Comics: One Piece Film Strong World - Tập 2',N'5+',51205,70,73150,122,N'Anime Comics: One Piece Film Strong World',N'Takara',N'2022',N'Tiếng Việt',N'Paperback',0.5),
	(N'[Anime Comics] One Piece Stampede - Tập 1',N'5+',51205,70,73150,123,N'Anime Comics: One Piece Film Strong World',N'Itsuwa Rei',N'2023',N'Tiếng Việt',N'Paperback',0.5),
	(N'Anime Comics: One Piece Film Strong World - Tập 1',N'15-18',51205,70,73150,124,N'Anime Comics: One Piece Film Strong World',N'Takara',N'2022',N'Tiếng Việt',N'Paperback',0.5),
	(N'Tokyo Revengers - Tập 15 - Bản Đặc Biệt Có Box - Tặng Kèm Collector’s Box + Bìa Áo Đặc Biệt + Bìa Hai Mặt + Set 4 Rainbow Bookmark Hai Mặt',N'15-18',141750,70,202500,125,N'Tokyo Revengers',N'Miro',N'2023',N'Tiếng Việt',N'Paperback',0.10),
	(N'Tokyo Revengers - Tập 15 - Bản Đặc Biệt Không Box - Tặng Kèm Bìa Áo Đặc Biệt + Bìa Hai Mặt + Set 4 Rainbow Bookmark Hai Mặt',N'5+',113400,70,162000,126,N'Tokyo Revengers',N'Miro',N'2023',N'Tiếng Việt',N'Paperback',0.10),
	(N'Tokyo Revengers - Tập 14 - Phiên Bản 2 Trong 1',N'5+',72450,70,103500,127,N'Tokyo Revengers',N'Miro',N'2023',N'Tiếng Việt',N'Paperback',0.10),
	(N'Tokyo Revengers - Tập 13 - Phiên Bản 2 Trong 1 - Bản Đặc Biệt - Tặng Kèm Set 3 Bookmark Ivory Hai Mặt',N'5+',72450,70,103500,128,N'Tokyo Revengers',N'Miro',N'2023',N'Tiếng Việt',N'Paperback',0.10),
	(N'Tokyo Revengers - Tập 12 - Phiên Bản 2 Trong 1',N'5+',72450,70,103500,129,N'Tokyo Revengers',N'Miro',N'2023',N'Tiếng Việt',N'Paperback',0.10),
	(N'Tokyo Revengers - Tập 11 - Phiên Bản 2 Trong 1 - Bản Đặc Biệt - Tặng Kèm Set 3 PVC Character Cards',N'5+',72450,70,103500,130,N'Tokyo Revengers',N'Miro',N'2023',N'Tiếng Việt',N'Paperback',0.10),
	(N'Thám Tử Lừng Danh Conan - Tập 98 (Tái Bản 2023)',N'5+',16625,70,23750,131,N'Thám Tử Lừng Danh Conan',N'Hương Giang',N'2023',N'Tiếng Việt',N'Paperback',0.5),
	(N'Thám Tử Lừng Danh Conan - Tập 102',N'5+',16625,70,23750,132,N'Thám Tử Lừng Danh Conan',N'Hương Giang',N'2023',N'Tiếng Việt',N'Paperback',0.5),
	(N'Thám Tử Lừng Danh Conan - Tập 101',N'5+',16625,70,23750,133,N'Thám Tử Lừng Danh Conan',N'Hương Giang',N'2023',N'Tiếng Việt',N'Paperback',0.5),
	(N'Thám Tử Lừng Danh Conan - Tập 100 (Tái Bản 2023)',N'5+',16625,70,23750,134,N'Thám Tử Lừng Danh Conan',N'Hương Giang',N'2023',N'Tiếng Việt',N'Paperback',0.5),
	(N'Thám Tử Lừng Danh Conan - Tập 100 - Bản Giới Hạn, Bìa Cứng - Tặng Kèm Set 4 Bookmark PVC',N'5+',99750,70,142500,135,N'Thám Tử Lừng Danh Conan',N'Hương Giang',N'2022',N'Tiếng Việt',N'Hardback',0.5),
	(N'Thám Tử Lừng Danh Conan - Tập 99 (Tái Bản 2023)',N'3+',16625,70,23750,136,N'Thám Tử Lừng Danh Conan',N'Hương Giang',N'2023',N'Tiếng Việt',N'Paperback',0.5),
	(N'Chú Thuật Hồi Chiến - Tập 20: Kết Giới Sendai - Giữa Buổi Tiệc - Tặng Kèm Obi + Thẻ Bo Góc Nhựa',N'3+',19950,70,28500,137,N'Chú Thuật Hồi Chiến',N'Vũ Trụ 19, Liên Vũ',N'2023',N'Tiếng Việt',N'Paperback',0.5),
	(N'Chú Thuật Hồi Chiến - Tập 19: Kết Giới Tokyo Số 1 -Người Đàn Ông Giận Dữ-',N'3+',19950,70,28500,138,N'Chú Thuật Hồi Chiến',N'Vũ Trụ 19, Liên Vũ',N'2023',N'Tiếng Việt',N'Paperback',0.5);
	
/**   
	INSERT INTO TABLE [book_images]
**/
 INSERT INTO [book_images] VALUES ('vh1.png',1),
	('vh2.png',2),
	('vh3.png',3),
	('vh4.png',4),
	('vh5.png',5),
	('vh6.png',6),
	('vh7.png',7),
	('vh8.png',8),
	('vh9.png',9),
	('vh10.png',10),
	('vh11.png',11),
	('vh12.png',12),
	('vh13.png',13),
	('vh14.png',14),
	('vh15.png',15),
	('vh16.png',16),
	('vh17.png',17),
	('vh18.png',18),
	('vh19.png',19),
	('vh20.png',20),
	('vh21.png',21),
	('ps1.png',22),
	('ps2.png',23),
	('ps3.png',24),
	('ps4.png',25),
	('ps5.png',26),
	('ps6.png',27),
	('ps7.png',28),
	('ps8.png',29),
	('ps9.png',30),
	('ps10.png',31),
	('ps11.png',32),
	('ps12.png',33),
	('ps13.png',34),
	('ps14.png',35),
	('ps15.png',36),
	('ps16.png',37),
	('ps17.png',38),
	('ps18.png',39),
	('ps19.png',40),
	('nc1.png',41),
	('nc2.png',42),
	('nc3.png',43),
	('nc4.png',44),
	('nc5.png',45),
	('nc6.png',46),
	('nc7.png',47),
	('nc8.png',48),
	('nc9.png',49),
	('nc10.png',50),
	('nc11.png',51),
	('nc12.png',52),
	('nc13.png',53),
	('nc14.png',54),
	('nn1.png',55),
	('nn2.png',56),
	('nn3.png',57),
	('nn4.png',58),
	('nn5.png',59),
	('nn6.png',60),
	('nn7.png',61),
	('nn8.png',62),
	('nn9.png',63),
	('nn10.png',64),
	('nn11.png',65),
	('nn12.png',66),
	('nn13.png',67),
	('nn14.png',68),
	('nn15.png',69),
	('nn16.png',70),
	('nn17.png',71),
	('nn18.png',72),
	('nn19.png',73),
	('nn20.png',74),
	('ls1.png',75),
	('ls2.png',76),
	('ls3.png',77),
	('ls4.png',78),
	('ls5.png',79),
	('ls6.png',80),
	('ls7.png',81),
	('ls8.png',82),
	('ls9.png',83),
	('ls10.png',84),
	('ls11.png',85),
	('ls12.png',86),
	('ls13.png',87),
	('ls14.png',88),
	('kt1.png',89),
	('kt2.png',90),
	('kt3.png',91),
	('kt4.png',92),
	('kt5.png',93),
	('kt6.png',94),
	('kt7.png',95),
	('kt8.png',96),
	('kt9.png',97),
	('kt10.png',98),
	('kt11.png',99),
	('kt12.png',100),
	('kt13.png',101),
	('kt14.png',102),
	('kt15.png',103),
	('kh1.png',104),
	('kh2.png',105),
	('kh3.png',106),
	('kh4.png',107),
	('kh5.png',108),
	('kh6.png',109),
	('kh7.png',110),
	('kh8.png',111),
	('kh9.png',112),
	('kh10.png',113),
	('kh11.png',114),
	('kh12.png',115),
	('kh13.png',116),
	('kh14.png',117),
	('kh15.png',118),
	('a1.png',119),
	('a2.png',120),
	('a3.png',121),
	('a4.png',122),
	('a5.png',123),
	('a6.png',124),
	('a7.png',125),
	('a8.png',126),
	('a9.png',127),
	('a10.png',128),
	('a11.png',129),
	('a12.png',130),
	('a13.png',131),
	('a14.png',132),
	('a15.png',133),
	('a16.png',134),
	('a17.png',135),
	('a18.png',136),
	('a19.png',137),
	('a20.png',138);

/**   
	INSERT INTO TABLE [authors]
**/	

INSERT INTO [authors] VALUES (N'Lam'),
	(N'Kang Cherwon, Ryu Jeonghun'),
	(N'Châu Sa Đáy Mắt'),
	(N'Thảo Trang'),
	(N'Nhiều Tác Giả'),
	(N'Liêu Tiểu Đao'),
	(N'Nguyễn Nhật Ánh'),
	(N'Mộc Trầm'),
	(N'Trí'),
	(N'Trà Hoa Đậu Biếc'),
	(N'Masashi Kishimoto, Ukyo Kodachi'),
	(N'Saekisan, Hanekoto'),
	(N'David Grann'),
	(N'Hữu Ước'),
	(N'Ôn Như Nguyễn Văn Ngọc, Tử An Trần Lê Nhân'),
	(N'Trần Đặng Đăng Khoa'),
	(N'Đoàn Giỏi'),
	(N'ONO Eriko'),
	(N'Robert Greene'),
	(N'Cao Minh'),
	(N'Amateur Psychology Nguyễn Đoàn Minh Thư'),
	(N'Stephen R Covey'),
	(N'Tạ Quốc Kế'),
	(N'Diệp Hồng Vũ'),
	(N'Joseph Murphyc'),
	(N'Mihaly Csikszentmihalyi'),
	(N'Daniel Kahneman'),
	(N'Shannon Thomas, LCSW'),
	(N'Triệu Trung Hoa'),
	(N'Tony Buổi Sáng'),
	(N'Matthew J. Van Natta'),
	(N'Adam Grant'),
	(N'Bizbooks'),
	(N'Dale Carnegie'),
	(N'Arimoto Hidefumi, Koshimizu Kaori'),
	(N'Shino Maki, Nakanawa Fumiko'),
	(N'Aikawa Atsushi, Igari Emiko'),
	(N'Hachun Lyonnet, Hương Đỗ'),
	(N'Hachun Lyonnet, Hương Đỗ, Bubu Hương'),
	(N'Trạch Quế Vinh'),
	(N'Erika Takeuchi'),
	(N'Đạm Phương Nữ Sử'),
	(N'Masato Takeuchi'),
	(N'Urako Kanamori'),
	(N'Masami Sasaki, Wakamatsu Aki'),
	(N'Hà Minh'),
	(N'BS Trần Thị Uyên Thảo'),
	(N'Mai Lan Hương, Hà Thanh Uyên'),
	(N'Trang Anh, Minh Anh'),
	(N'Malcolm Mann, Steve Taylore-Knowles'),
	(N'Nguyễn Hoàng Vĩnh Lộc, Nguyễn Lưu Bảo Đoan'),
	(N'Hanyu Jiaocheng'),
	(N'Mike Seymour'),
	(N'Khương Lệ Bình'),
	(N'Anneli Williams'),
	(N'Collins'),
	(N'SUZUKI Kenji, MITSUHASHI Asako, MARUYAMA Makiko, HORIUCHI Takako,'),
	(N'Kim Soyeong, Park Won'),
	(N'Hackers'),
	(N'Runkids'),
	(N'Nguyễn Thanh Loan'),
	(N'Dương Thị Hồng Yên'),
	(N'Peter Frankopan'),
	(N'Liễu Phàm'),
	(N'Nguyên Phong'),
	(N'John Bowker'),
	(N'Thích Nhất Hạnh'),
	(N'Suối Thông'),
	(N'Hoàng Hải Vân, Tấn Tú'),
	(N'Robert Wright'),
	(N'Jason Barron , MBA'),
	(N'Lâm Minh Chánh'),
	(N'Trần Hùng Thiện, Tăng Thúy Nga'),
	(N'Robert T Kiyosaki'),
	(N'Jacob Morgan'),
	(N'Robin Sharma'),
	(N'Song Hong Bing'),
	(N'Nguyễn Dương'),
	(N'Grant Cardone'),
	(N'Michael Bungay Stanier'),
	(N'Globis, Tsyoshi Shimada'),
	(N'Tim Clark, Alexander, Osterwalder, Yves Pigneur'),
	(N'Neal Schaffer'),
	(N'Tim Hughes , Adam Gray , Hugo Whicher'),
	(N'T Collin Campbell, PhD, Thomas M Cambpell II, MD'),
	(N'IIG Viet Nam'),
	(N'Ngô Đức Vượng'),
	(N'Âu Minh'),
	(N'Edward T White'),
	(N'Arnold G Nelson, Jouko Kokkonen'),
	(N'Giulia Enders'),
	(N'Anthony Louis'),
	(N'Ruy Băng Tím'),
	(N'Mark Graban'),
	(N'Carla L. Rueckert'),
	(N'David R. Hawkins, M.D., Ph.D'),
	(N'Jessie Inchauspé'),
	(N'Ken Wilber'),
	(N'Eiichiro Oda, Jump Comics'),
	(N'Eiichiro Oda, Ban Biên Tập Jump Comics'),
	(N'Ken Wakui'),
	(N'Gosho Aoyama'),
	(N'Gege Akutami');

/**   
	INSERT INTO TABLE [book_authors]
**/	
INSERT INTO [book_authors] VALUES (1,1),
	(2,2),
	(3,3),
	(4,4),
	(5,5),
	(6,6),
	(7,7),
	(8,7),
	(9,8),
	(10,9),
	(11,9),
	(12,10),
	(13,11),
	(14,12),
	(15,13),
	(16,14),
	(17,15),
	(18,16),
	(19,17),
	(20,9),
	(21,18),
	(22,19),
	(23,20),
	(24,21),
	(25,22),
	(26,23),
	(27,24),
	(28,25),
	(29,26),
	(30,27),
	(31,28),
	(32,29),
	(33,30),
	(34,30),
	(35,31),
	(36,21),
	(37,23),
	(38,32),
	(39,33),
	(40,34),
	(41,35),
	(42,36),
	(43,37),
	(44,38),
	(45,39),
	(46,40),
	(47,41),
	(48,42),
	(49,43),
	(50,38),
	(51,44),
	(52,45),
	(53,46),
	(54,47),
	(55,48),
	(56,49),
	(57,50),
	(58,5),
	(59,51),
	(60,52),
	(61,53),
	(62,54),
	(63,55),
	(64,56),
	(65,57),
	(66,56),
	(67,58),
	(68,5),
	(69,59),
	(70,59),
	(71,60),
	(72,61),
	(73,60),
	(74,62),
	(75,63),
	(76,64),
	(77,65),
	(78,65),
	(79,65),
	(80,66),
	(81,67),
	(82,68),
	(83,68),
	(84,69),
	(85,67),
	(86,67),
	(87,70),
	(88,5),
	(89,71),
	(90,72),
	(91,73),
	(92,74),
	(93,75),
	(94,76),
	(95,77),
	(96,78),
	(97,79),
	(98,80),
	(99,81),
	(100,5),
	(101,82),
	(102,83),
	(103,84),
	(104,85),
	(105,86),
	(106,87),
	(107,88),
	(108,89),
	(109,90),
	(110,91),
	(111,65),
	(112,92),
	(113,93),
	(114,94),
	(115,95),
	(116,96),
	(117,97),
	(118,98),
	(119,99),
	(120,100),
	(121,100),
	(122,100),
	(123,99),
	(124,100),
	(125,101),
	(126,101),
	(127,101),
	(128,101),
	(129,101),
	(130,101),
	(131,102),
	(132,102),
	(133,102),
	(134,102),
	(135,102),
	(136,102),
	(137,103),
	(138,103);
/**   
	INSERT INTO TABLE [generes]
**/	
INSERT INTO [genres] VALUES (N'Văn Học '),
	(N'Sách Thiếu Nhi'),
	(N'Kinh Tế'),
	(N'Tâm lý - Kĩ năng sống'),
	(N'Nuôi dạy con'),
	(N'Sách ngoại ngữ'),
	(N'Khoa học kĩ thuật'),
	(N'Lịch sử - Địa lý - Tôn giáo');
/**   
	INSERT INTO TABLE  [book_genres]
**/	

INSERT INTO [book_genres] VALUES (1,N'Văn Học '),
	(2,N'Văn Học '),
	(3,N'Văn Học '),
	(4,N'Văn Học '),
	(5,N'Văn Học '),
	(6,N'Văn Học '),
	(7,N'Văn Học '),
	(8,N'Văn Học '),
	(9,N'Văn Học '),
	(10,N'Văn Học '),
	(11,N'Văn Học '),
	(12,N'Văn Học '),
	(13,N'Văn Học '),
	(14,N'Văn Học '),
	(15,N'Văn Học '),
	(16,N'Văn Học '),
	(17,N'Văn Học '),
	(18,N'Văn Học '),
	(19,N'Văn Học '),
	(20,N'Văn Học '),
	(21,N'Văn Học '),
	(22,N'Tâm lý - Kĩ năng sống'),
	(23,N'Tâm lý - Kĩ năng sống'),
	(24,N'Tâm lý - Kĩ năng sống'),
	(25,N'Tâm lý - Kĩ năng sống'),
	(26,N'Tâm lý - Kĩ năng sống'),
	(27,N'Tâm lý - Kĩ năng sống'),
	(28,N'Tâm lý - Kĩ năng sống'),
	(29,N'Tâm lý - Kĩ năng sống'),
	(30,N'Tâm lý - Kĩ năng sống'),
	(31,N'Tâm lý - Kĩ năng sống'),
	(32,N'Tâm lý - Kĩ năng sống'),
	(33,N'Tâm lý - Kĩ năng sống'),
	(34,N'Tâm lý - Kĩ năng sống'),
	(35,N'Tâm lý - Kĩ năng sống'),
	(36,N'Tâm lý - Kĩ năng sống'),
	(37,N'Tâm lý - Kĩ năng sống'),
	(38,N'Tâm lý - Kĩ năng sống'),
	(39,N'Tâm lý - Kĩ năng sống'),
	(40,N'Tâm lý - Kĩ năng sống'),
	(41,N'Nuôi dạy con'),
	(42,N'Nuôi dạy con'),
	(43,N'Nuôi dạy con'),
	(44,N'Nuôi dạy con'),
	(45,N'Nuôi dạy con'),
	(46,N'Nuôi dạy con'),
	(47,N'Nuôi dạy con'),
	(48,N'Nuôi dạy con'),
	(49,N'Nuôi dạy con'),
	(50,N'Nuôi dạy con'),
	(51,N'Nuôi dạy con'),
	(52,N'Nuôi dạy con'),
	(53,N'Nuôi dạy con'),
	(54,N'Nuôi dạy con'),
	(55,N'Sách ngoại ngữ'),
	(56,N'Sách ngoại ngữ'),
	(57,N'Sách ngoại ngữ'),
	(58,N'Sách ngoại ngữ'),
	(59,N'Sách ngoại ngữ'),
	(60,N'Sách ngoại ngữ'),
	(61,N'Sách ngoại ngữ'),
	(62,N'Sách ngoại ngữ'),
	(63,N'Sách ngoại ngữ'),
	(64,N'Sách ngoại ngữ'),
	(65,N'Sách ngoại ngữ'),
	(66,N'Sách ngoại ngữ'),
	(67,N'Sách ngoại ngữ'),
	(68,N'Sách ngoại ngữ'),
	(69,N'Sách ngoại ngữ'),
	(70,N'Sách ngoại ngữ'),
	(71,N'Sách ngoại ngữ'),
	(72,N'Sách ngoại ngữ'),
	(73,N'Sách ngoại ngữ'),
	(74,N'Sách ngoại ngữ'),
	(75,N'Lịch sử - Địa lý - Tôn giáo'),
	(76,N'Lịch sử - Địa lý - Tôn giáo'),
	(77,N'Lịch sử - Địa lý - Tôn giáo'),
	(78,N'Lịch sử - Địa lý - Tôn giáo'),
	(79,N'Lịch sử - Địa lý - Tôn giáo'),
	(80,N'Lịch sử - Địa lý - Tôn giáo'),
	(81,N'Lịch sử - Địa lý - Tôn giáo'),
	(82,N'Lịch sử - Địa lý - Tôn giáo'),
	(83,N'Lịch sử - Địa lý - Tôn giáo'),
	(84,N'Lịch sử - Địa lý - Tôn giáo'),
	(85,N'Lịch sử - Địa lý - Tôn giáo'),
	(86,N'Lịch sử - Địa lý - Tôn giáo'),
	(87,N'Lịch sử - Địa lý - Tôn giáo'),
	(88,N'Lịch sử - Địa lý - Tôn giáo'),
	(89,N'Kinh Tế'),
	(90,N'Kinh Tế'),
	(91,N'Kinh Tế'),
	(92,N'Kinh Tế'),
	(93,N'Kinh Tế'),
	(94,N'Kinh Tế'),
	(95,N'Kinh Tế'),
	(96,N'Kinh Tế'),
	(97,N'Kinh Tế'),
	(98,N'Kinh Tế'),
	(99,N'Kinh Tế'),
	(100,N'Kinh Tế'),
	(101,N'Kinh Tế'),
	(102,N'Kinh Tế'),
	(103,N'Kinh Tế'),
	(104,N'Khoa học kĩ thuật'),
	(105,N'Khoa học kĩ thuật'),
	(106,N'Khoa học kĩ thuật'),
	(107,N'Khoa học kĩ thuật'),
	(108,N'Khoa học kĩ thuật'),
	(109,N'Khoa học kĩ thuật'),
	(110,N'Khoa học kĩ thuật'),
	(111,N'Khoa học kĩ thuật'),
	(112,N'Khoa học kĩ thuật'),
	(113,N'Khoa học kĩ thuật'),
	(114,N'Khoa học kĩ thuật'),
	(115,N'Khoa học kĩ thuật'),
	(116,N'Khoa học kĩ thuật'),
	(117,N'Khoa học kĩ thuật'),
	(118,N'Khoa học kĩ thuật'),
	(119,N'Sách Thiếu Nhi'),
	(120,N'Sách Thiếu Nhi'),
	(121,N'Sách Thiếu Nhi'),
	(122,N'Sách Thiếu Nhi'),
	(123,N'Sách Thiếu Nhi'),
	(124,N'Sách Thiếu Nhi'),
	(125,N'Sách Thiếu Nhi'),
	(126,N'Sách Thiếu Nhi'),
	(127,N'Sách Thiếu Nhi'),
	(128,N'Sách Thiếu Nhi'),
	(129,N'Sách Thiếu Nhi'),
	(130,N'Sách Thiếu Nhi'),
	(131,N'Sách Thiếu Nhi'),
	(132,N'Sách Thiếu Nhi'),
	(133,N'Sách Thiếu Nhi'),
	(134,N'Sách Thiếu Nhi'),
	(135,N'Sách Thiếu Nhi'),
	(136,N'Sách Thiếu Nhi'),
	(137,N'Sách Thiếu Nhi'),
	(138,N'Sách Thiếu Nhi');
